"Reference","Value","Footprint","Datasheet","Qty","DNP"
"C1,C2,C6,C7,C8,C10,C18","4u7","Capacitor_SMD:C_0805_2012Metric_Pad1.18x1.45mm_HandSolder","~","7",""
"C9,C13,C23","100u","Capacitor_THT:CP_Radial_D8.0mm_P3.50mm","~","3",""
"C11","330u","Capacitor_THT:CP_Radial_D8.0mm_P3.50mm","~","1",""
"C14","220n","Capacitor_SMD:C_0805_2012Metric_Pad1.18x1.45mm_HandSolder","~","1",""
"C15","100n","Capacitor_SMD:C_0805_2012Metric_Pad1.18x1.45mm_HandSolder","~","1",""
"C16,C17,C20","1 µF","Capacitor_SMD:C_0805_2012Metric_Pad1.18x1.45mm_HandSolder","~","3",""
"C19","1u","Capacitor_SMD:C_0805_2012Metric_Pad1.18x1.45mm_HandSolder","~","1",""
"C21","4u7","Capacitor_THT:CP_Radial_D8.0mm_P3.50mm","~","1",""
"C22,C24,C25,C26,C27,C28,C29,C30","1 µF","Capacitor_THT:C_Disc_D5.0mm_W2.5mm_P5.00mm","~","8",""
"D1,D2,D4,D5,D6,D7,D10","1N4148","Diode_THT:D_DO-35_SOD27_P7.62mm_Horizontal","https://assets.nexperia.com/documents/data-sheet/1N4148_1N4448.pdf","7",""
"D8","PWR","LED_SMD:LED_0805_2012Metric","~","1",""
"D9","1N4001","Diode_THT:D_DO-41_SOD81_P10.16mm_Horizontal","http://www.vishay.com/docs/88503/1n4001.pdf","1",""
"IC1","CD74HC4046AMTE4","Package_SO:SOIC-16_4.55x10.3mm_P1.27mm","https://www.ti.com/lit/ds/symlink/cd74hc4046a.pdf?ts=1629719501938&ref_url=https%253A%252F%252Fwww.google.com%252F","1",""
"J1,J2","Screw_Terminal_01x02","TerminalBlock_MetzConnect:TerminalBlock_MetzConnect_Type055_RT01502HDWU_1x02_P5.00mm_Horizontal","~","2",""
"J4","Conn_02x04_Odd_Even","Connector_PinHeader_2.54mm:PinHeader_2x04_P2.54mm_Vertical","~","1",""
"MK1","LD-MC-0905P","Sensor_Audio:POM-2244P-C3310-2-R","~","1",""
"Q1","BD139","Package_TO_SOT_THT:TO-126-3_Vertical","http://www.st.com/internet/com/TECHNICAL_RESOURCES/TECHNICAL_LITERATURE/DATASHEET/CD00001225.pdf","1",""
"Q2","BD136","Package_TO_SOT_THT:TO-126-3_Vertical","http://www.st.com/internet/com/TECHNICAL_RESOURCES/TECHNICAL_LITERATURE/DATASHEET/CD00001225.pdf","1",""
"Q4","BC857","Package_TO_SOT_THT:TO-92L_Inline_Wide","https://www.onsemi.com/pub/Collateral/BC860-D.pdf","1",""
"R4,R24","100","Resistor_THT:R_Axial_DIN0207_L6.3mm_D2.5mm_P10.16mm_Horizontal","~","2",""
"R17,R19","1k","Resistor_SMD:R_0805_2012Metric_Pad1.20x1.40mm_HandSolder","~","2",""
"R18,R20","4k7","Resistor_SMD:R_0805_2012Metric_Pad1.20x1.40mm_HandSolder","~","2",""
"R21","270k","Resistor_SMD:R_0805_2012Metric_Pad1.20x1.40mm_HandSolder","~","1",""
"R23","10k","Resistor_SMD:R_0805_2012Metric_Pad1.20x1.40mm_HandSolder","~","1",""
"R25,R33","1k","Resistor_THT:R_Axial_DIN0207_L6.3mm_D2.5mm_P10.16mm_Horizontal","~","2",""
"R27,R28,R30,R34,R35,R36,R37,R38,R40,R41,R42","10k","Resistor_THT:R_Axial_DIN0207_L6.3mm_D2.5mm_P10.16mm_Horizontal","~","11",""
"R29","100k","Resistor_THT:R_Axial_DIN0207_L6.3mm_D2.5mm_P10.16mm_Horizontal","~","1",""
"R31","4k7","Resistor_THT:R_Axial_DIN0207_L6.3mm_D2.5mm_P10.16mm_Horizontal","~","1",""
"R39","47k","Resistor_THT:R_Axial_DIN0207_L6.3mm_D2.5mm_P10.16mm_Horizontal","~","1",""
"RV1,RV2,RV3,RV4,RV5,RV6","10k","Potentiometer_THT:Potentiometer_Piher_PT-6-V_Vertical","~","6",""
"U1","74HC14","Package_DIP:DIP-14_W7.62mm","http://www.ti.com/lit/gpn/sn74HC14","1",""
"U2","LM2903","Package_SO:SOIC-8_3.9x4.9mm_P1.27mm","http://www.ti.com/lit/ds/symlink/lm393.pdf","1",""
"U5","L78L05_SOT89","Package_TO_SOT_THT:TO-92L_Inline_Wide","http://www.st.com/content/ccc/resource/technical/document/datasheet/15/55/e5/aa/23/5b/43/fd/CD00000446.pdf/files/CD00000446.pdf/jcr:content/translations/en.CD00000446.pdf","1",""
"U6","LM324","Package_DIP:CERDIP-14_W7.62mm_SideBrazed_LongPads","http://www.ti.com/lit/ds/symlink/lm2902-n.pdf","1",""
