﻿Designator,Footprint,Quantity,Value,LCSC Part #
"C1, C10, C18, C2, C6, C7, C8",0805,7,4u7,
C11,CP_Radial_D8.0mm_P3.50mm,1,330u,
"C13, C23, C9",CP_Radial_D8.0mm_P3.50mm,3,100u,
C14,0805,1,220n,
C15,0805,1,100n,
"C16, C17, C20",0805,3,1 µF,
C19,0805,1,1u,
C21,CP_Radial_D8.0mm_P3.50mm,1,4u7,
"C22, C24, C25, C26, C27, C28, C29, C30",C_Disc_D5.0mm_W2.5mm_P5.00mm,8,1 µF,
"D1, D10, D2, D4, D5, D6, D7",D_DO-35_SOD27_P7.62mm_Horizontal,7,1N4148,
D8,0805,1,Gréeen more,
D9,D_DO-41_SOD81_P10.16mm_Horizontal,1,1N4001,
IC1,SOIC-16_4.55x10.3mm_P1.27mm,1,CD74HC4046AMTE4,
"J1, J2",TerminalBlock_MetzConnect_Type055_RT01502HDWU_1x02_P5.00mm_Horizontal,2,Screw_Terminal_01x02,
J4,PinHeader_2x04_P2.54mm_Vertical,1,Conn_02x04_Odd_Even,
MIC,POM-2244P-C3310-2-R,1,LD-MC-0905P,
Q1,TO-126-3_Vertical,1,BD139,
Q2,TO-126-3_Vertical,1,BD136,
Q4,TO-92L_Inline_Wide,1,BC857,
"R17, R19",0805,2,1k,
"R18, R20",0805,2,4k7,
R21,0805,1,270k,
R23,0805,1,10k,
"R24, R25, R33, R4",R_Axial_DIN0207_L6.3mm_D2.5mm_P10.16mm_Horizontal,4,100,
"R27, R41, R42",R_Axial_DIN0207_L6.3mm_D2.5mm_P10.16mm_Horizontal,3,1k,
"R28, R30, R34, R35, R36, R37, R38, R40",R_Axial_DIN0207_L6.3mm_D2.5mm_P10.16mm_Horizontal,8,10k,
R29,R_Axial_DIN0207_L6.3mm_D2.5mm_P10.16mm_Horizontal,1,100k,
R31,R_Axial_DIN0207_L6.3mm_D2.5mm_P10.16mm_Horizontal,1,4k7,
R39,R_Axial_DIN0207_L6.3mm_D2.5mm_P10.16mm_Horizontal,1,47k,
"RV1, RV2, RV3, RV4, RV5, RV6",Potentiometer_Piher_PT-6-V_Vertical,6,10k,
U1,DIP-14_W7.62mm,1,74HC14,
U2,SOIC-8_3.9x4.9mm_P1.27mm,1,LM2903,
U5,TO-92L_Inline_Wide,1,L78L05_SOT89,
U6,CERDIP-14_W7.62mm_SideBrazed_LongPads,1,LM324,
